{"name":"t:sections.footer.name","type":"footer","sections":{"footer":{"type":"footer","blocks":{"image_d4NJmA":{"type":"image","settings":{"image":"shopify:\/\/shop_images\/Millet_Cookies_Box_Final.png","image_width":100,"alignment":"center"}},"brand_information_zGnj9R":{"type":"brand_information","settings":{"show_social":true}},"link_list_KQdVFY":{"type":"link_list","settings":{"heading":"Quick links","menu":"footer"}}},"block_order":["image_d4NJmA","brand_information_zGnj9R","link_list_KQdVFY"],"settings":{"color_scheme":"scheme-1","newsletter_enable":true,"newsletter_heading":"Subscribe to our emails","enable_follow_on_shop":true,"show_social":true,"enable_country_selector":true,"enable_language_selector":true,"payment_enable":true,"show_policy":true,"margin_top":0,"padding_top":36,"padding_bottom":36}}},"order":["footer"]}