{"name":"t:sections.header.name","type":"header","sections":{"announcement-bar":{"type":"announcement-bar","blocks":{"announcement-bar-0":{"type":"announcement","settings":{"text":"🌿 Shop eco-friendly today! 🌱","link":""}}},"block_order":["announcement-bar-0"],"settings":{"color_scheme":"scheme-df8694eb-a76e-492e-9df8-83982f3543c0","show_line_separator":true,"show_social":true,"auto_rotate":false,"change_slides_speed":5,"enable_country_selector":false,"enable_language_selector":false}},"header":{"type":"header","settings":{"logo_position":"middle-center","menu":"main-menu","menu_type_desktop":"dropdown","sticky_header_type":"on-scroll-up","show_line_separator":true,"color_scheme":"scheme-df8694eb-a76e-492e-9df8-83982f3543c0","menu_color_scheme":"scheme-df8694eb-a76e-492e-9df8-83982f3543c0","enable_country_selector":true,"enable_language_selector":true,"enable_customer_avatar":true,"mobile_logo_position":"center","margin_bottom":0,"padding_top":20,"padding_bottom":20}}},"order":["announcement-bar","header"]}