{"sections":{"custom_liquid_jta3DH":{"type":"custom-liquid","custom_css":[],"settings":{"custom_liquid":"<!-- Swiper CSS -->\n    <link rel=\"stylesheet\" href=\"https:\/\/cdn.jsdelivr.net\/npm\/swiper@11\/swiper-bundle.min.css\">\n\n    <!-- Font Awesome CSS -->\n    <link rel=\"stylesheet\" href=\"https:\/\/cdnjs.cloudflare.com\/ajax\/libs\/font-awesome\/6.5.2\/css\/all.min.css\">\n\n    <!-- Your content here -->\n\n    <!-- jQuery -->\n    <script src=\"https:\/\/code.jquery.com\/jquery-3.6.0.min.js\"><\/script>\n\n    <!-- Swiper JS -->\n    <script src=\"https:\/\/cdn.jsdelivr.net\/npm\/swiper@11\/swiper-bundle.min.js\"><\/script>\n<section class=\"creative-fullpage--slider\">\n\t\t<div class=\"banner-horizental\">\n\t\t\t<div class=\"swiper swiper-container-h\">\n\t\t\t\t<div class=\"swiper-wrapper\">\n\t\t\t\t\t<div class=\"swiper-slide\">\n\t\t\t\t\t\t<div class=\"slider-inner\" data-swiper-parallax=\"100\">\n\t\t\t\t\t\t\t<img src=\"https:\/\/cdn.shopify.com\/s\/files\/1\/0912\/2368\/7488\/files\/Crafted_for_the_Journey._2.png?v=1736842563\" alt=\"full_screen-image\">\n\t\t\t\t\t\t\t<div class=\"swiper-content\" data-swiper-parallax=\"2000\">\n\t\t\t\t\t\t\t\t<div class=\"title-area\">\n\t\t\t\t\t\t\t\t\t<!-- title-area -->\n\t\t\t\t\t\t\t\t\t<p class=\"tag\">OUR VISION<\/p>\n\t\t\t\t\t\t\t\t\t<a href=\"#\" class=\"title\"> ECO-FRIENDLY INNOVATION <\/a>\n<!-- title area -->\n<\/div>\n<p class=\"disc\">\n   Discover cutting-edge gadgets that are designed to\n   <br>\n   protect the planet. Shop now for eco-conscious\n   <br>\n   solutions to everyday tech needs.\n<\/p>\n\n\t\t\t\t\t\t\t\t<div class=\"creative-btn--wrap\">\n\t\t\t\t\t\t\t\t\t<a class=\"creative-slide--btn\" role=\"button\" href=\"#0\">\n\t\t\t\t\t\t\t\t\t\t<div class=\"creative-btn--circle\">\n\t\t\t\t\t\t\t\t\t\t\t<div class=\"circle\">\n\t\t\t\t\t\t\t\t\t\t\t\t<div class=\"circle-fill\"><\/div>\n\t\t\t\t\t\t\t\t\t\t\t\t<svg viewBox=\"0 0 50 50\" xmlns=\"http:\/\/www.w3.org\/2000\/svg\" class=\"circle-outline\">\n\t\t\t\t\t\t\t\t\t\t\t\t\t<circle cx=\"25\" cy=\"25\" r=\"23\"><\/circle>\n\t\t\t\t\t\t\t\t\t\t\t\t<\/svg>\n\t\t\t\t\t\t\t\t\t\t\t\t<div class=\"circle-icon\">\n\t\t\t\t\t\t\t\t\t\t\t\t\t<svg viewBox=\"0 0 12 10\" fill=\"none\" xmlns=\"http:\/\/www.w3.org\/2000\/svg\" class=\"icon-arrow\">\n\t\t\t\t\t\t\t\t\t\t\t\t\t\t<path d=\"M0 5.65612V4.30388L8.41874 4.31842L5.05997 0.95965L5.99054 0L10.9923 4.97273L6.00508 9.96L5.07451 9.00035L8.43328 5.64158L0 5.65612Z\"><\/path>\n\t\t\t\t\t\t\t\t\t\t\t\t\t<\/svg>\n\t\t\t\t\t\t\t\t\t\t\t\t<\/div>\n\t\t\t\t\t\t\t\t\t\t\t<\/div>\n\t\t\t\t\t\t\t\t\t\t<\/div>\n\n\t\t\t\t\t\t\t\t\t\t<div class=\"creative-btn--label\">\n\t\t\t\t\t\t\t\t\t\t\t<div class=\"creative-btn__text\">Take A Look<\/div>\n\t\t\t\t\t\t\t\t\t\t\t<div class=\"creative-btn__border\"><\/div>\n\t\t\t\t\t\t\t\t\t\t<\/div>\n\t\t\t\t\t\t\t\t\t<\/a>\n\t\t\t\t\t\t\t\t<\/div>\n\t\t\t\t\t\t\t<\/div>\n\t\t\t\t\t\t<\/div>\n\t\t\t\t\t<\/div>\n\n\t\t\t\t\t<div class=\"swiper-slide\">\n\t\t\t\t\t\t<div class=\"slider-inner\" data-swiper-parallax=\"100\">\n\t\t\t\t\t\t\t<img src=\"https:\/\/cdn.shopify.com\/s\/files\/1\/0912\/2368\/7488\/files\/s.png?v=1736840047\" alt=\"full_screen-image\">\n\t\t\t\t\t\t\t<div class=\"swiper-content\" data-swiper-parallax=\"2000\">\n\t\t\t\t\t\t\t\t<div class=\"title-area\">\n\t\t\t\t\t\t\t\t\t<!-- title-area -->\n\t\t\t\t\t\t\t\t\t<p class=\"tag\">INSPIRATION<\/p>\n\t\t\t\t\t\t\t\t\t<a href=\"#\" class=\"title\"> SUSTAINABILITY FIRST <\/a>\n<!-- title area -->\n<\/div>\n<p class=\"disc\">\n   Embrace sustainable living with our collection of\n   <br>\n   green tech. Reduce your carbon footprint while\n   <br>\n   enjoying the latest in eco-friendly technology.\n<\/p>\n\n\t\t\t\t\t\t\t\t<div class=\"creative-btn--wrap\">\n\t\t\t\t\t\t\t\t\t<a class=\"creative-slide--btn\" role=\"button\" href=\"#0\">\n\t\t\t\t\t\t\t\t\t\t<div class=\"creative-btn--circle\">\n\t\t\t\t\t\t\t\t\t\t\t<div class=\"circle\">\n\t\t\t\t\t\t\t\t\t\t\t\t<div class=\"circle-fill\"><\/div>\n\t\t\t\t\t\t\t\t\t\t\t\t<svg viewBox=\"0 0 50 50\" xmlns=\"http:\/\/www.w3.org\/2000\/svg\" class=\"circle-outline\">\n\t\t\t\t\t\t\t\t\t\t\t\t\t<circle cx=\"25\" cy=\"25\" r=\"23\"><\/circle>\n\t\t\t\t\t\t\t\t\t\t\t\t<\/svg>\n\t\t\t\t\t\t\t\t\t\t\t\t<div class=\"circle-icon\">\n\t\t\t\t\t\t\t\t\t\t\t\t\t<svg viewBox=\"0 0 12 10\" fill=\"none\" xmlns=\"http:\/\/www.w3.org\/2000\/svg\" class=\"icon-arrow\">\n\t\t\t\t\t\t\t\t\t\t\t\t\t\t<path d=\"M0 5.65612V4.30388L8.41874 4.31842L5.05997 0.95965L5.99054 0L10.9923 4.97273L6.00508 9.96L5.07451 9.00035L8.43328 5.64158L0 5.65612Z\"><\/path>\n\t\t\t\t\t\t\t\t\t\t\t\t\t<\/svg>\n\t\t\t\t\t\t\t\t\t\t\t\t<\/div>\n\t\t\t\t\t\t\t\t\t\t\t<\/div>\n\t\t\t\t\t\t\t\t\t\t<\/div>\n\n\t\t\t\t\t\t\t\t\t\t<div class=\"creative-btn--label\">\n\t\t\t\t\t\t\t\t\t\t\t<div class=\"creative-btn__text\">See More<\/div>\n\t\t\t\t\t\t\t\t\t\t\t<div class=\"creative-btn__border\"><\/div>\n\t\t\t\t\t\t\t\t\t\t<\/div>\n\t\t\t\t\t\t\t\t\t<\/a>\n\t\t\t\t\t\t\t\t<\/div>\n\t\t\t\t\t\t\t<\/div>\n\t\t\t\t\t\t<\/div>\n\t\t\t\t\t<\/div>\n\n\t\t\t\t\t<div class=\"swiper-slide\">\n\t\t\t\t\t\t<div class=\"slider-inner\" data-swiper-parallax=\"100\">\n\t\t\t\t\t\t\t<img src=\"https:\/\/cdn.shopify.com\/s\/files\/1\/0912\/2368\/7488\/files\/Crafted_for_the_Journey.png?v=1736839556\" alt=\"full_screen-image\">\n\t\t\t\t\t\t\t\t<\/video>\n\t\t\t\t\t\t\t\t<div class=\"swiper-content\" data-swiper-parallax=\"2000\">\n\t\t\t\t\t\t\t\t\t<div class=\"title-area\">\n\t\t\t\t\t\t\t\t\t\t<!-- title-area -->\n\t\t\t\t\t\t\t\t\t<a href=\"#\" class=\"title\"> GREEN TECH REDEFINED <\/a>\n<!-- title area -->\n<\/div>\n<p class=\"disc\">\n   Power your life with gadgets that are as kind to\n   <br>\n   the earth as they are to you. Explore a new era\n   <br>\n   of eco-friendly technology today.\n<\/p>\n\n\t\t\t\t\t\t\t\t\t<div class=\"creative-btn--wrap\">\n\t\t\t\t\t\t\t\t\t<a class=\"creative-slide--btn\" role=\"button\" href=\"#0\">\n\t\t\t\t\t\t\t\t\t\t<div class=\"creative-btn--circle\">\n\t\t\t\t\t\t\t\t\t\t\t<div class=\"circle\">\n\t\t\t\t\t\t\t\t\t\t\t\t<div class=\"circle-fill\"><\/div>\n\t\t\t\t\t\t\t\t\t\t\t\t<svg viewBox=\"0 0 50 50\" xmlns=\"http:\/\/www.w3.org\/2000\/svg\" class=\"circle-outline\">\n\t\t\t\t\t\t\t\t\t\t\t\t\t<circle cx=\"25\" cy=\"25\" r=\"23\"><\/circle>\n\t\t\t\t\t\t\t\t\t\t\t\t<\/svg>\n\t\t\t\t\t\t\t\t\t\t\t\t<div class=\"circle-icon\">\n\t\t\t\t\t\t\t\t\t\t\t\t\t<svg viewBox=\"0 0 12 10\" fill=\"none\" xmlns=\"http:\/\/www.w3.org\/2000\/svg\" class=\"icon-arrow\">\n\t\t\t\t\t\t\t\t\t\t\t\t\t\t<path d=\"M0 5.65612V4.30388L8.41874 4.31842L5.05997 0.95965L5.99054 0L10.9923 4.97273L6.00508 9.96L5.07451 9.00035L8.43328 5.64158L0 5.65612Z\"><\/path>\n\t\t\t\t\t\t\t\t\t\t\t\t\t<\/svg>\n\t\t\t\t\t\t\t\t\t\t\t\t<\/div>\n\t\t\t\t\t\t\t\t\t\t\t<\/div>\n\t\t\t\t\t\t\t\t\t\t<\/div>\n\n\t\t\t\t\t\t\t\t\t\t<div class=\"creative-btn--label\">\n\t\t\t\t\t\t\t\t\t\t\t<div class=\"creative-btn__text\">Take A Look<\/div>\n\t\t\t\t\t\t\t\t\t\t\t<div class=\"creative-btn__border\"><\/div>\n\t\t\t\t\t\t\t\t\t\t<\/div>\n\t\t\t\t\t\t\t\t\t<\/a>\n\t\t\t\t\t\t\t\t<\/div>\n\t\t\t\t\t\t\t\t<\/div>\n\t\t\t\t\t\t\t<\/div>\n\t\t\t\t\t\t<\/div>\n\t\t\t\t\t<\/div>\n\t\t\t\t\t<div class=\"swiper-button-wrapper creative-button--wrapper\">\n\t\t\t\t\t\t<div class=\"swiper-button-next\" tabindex=\"0\" role=\"button\" aria-label=\"Next slide\">\n\t\t\t\t\t\t<\/div>\n\t\t\t\t\t\t<div class=\"swiper-button-prev\" tabindex=\"0\" role=\"button\" aria-label=\"Previous slide\">\n\t\t\t\t\t\t<\/div>\n\t\t\t\t\t<\/div>\n\t\t\t\t\t<div class=\"slider-pagination-area\">\n\t\t\t\t\t\t<h5 class=\"slide-range one\">01<\/h5>\n\t\t\t\t\t\t<div class=\"swiper-pagination swiper-pagination-progressbar swiper-pagination-horizontal\"><span class=\"swiper-pagination-progressbar-fill\" style=\"transform: translate3d(0px, 0px, 0px) scaleX(0.666667) scaleY(1); transition-duration: 1500ms;\"><\/span><\/div>\n\t\t\t\t\t\t<h5 class=\"slide-range three\">03<\/h5>\n\t\t\t\t\t<\/div>\n\t\t\t\t<\/div>\n\t\t\t<\/div>\n\t\t<\/section>\n        <style>@import url('https:\/\/fonts.googleapis.com\/css2?family=Inter:wght@100..900&display=swap');\nbody{\n\tfont-size: 17px;\n\tline-height: 30px;\n\tfont-weight: 400;\n\t-moz-osx-font-smoothing: grayscale;\n\tword-break: break-word;\n\t-webkit-font-smoothing: antialiased;\n\tfont-family: \"Inter\", sans-serif;\n\tmargin: 0;\n\toverflow-x: hidden;\n\tbackground: #eee;\n}\nbody, div {\n\tmargin: 0;\n\tpadding: 0;\n}\n*, *::before, *::after {\n\tbox-sizing: border-box;\n}\nimg {\n\t-ms-interpolation-mode: bicubic;\n\tborder: 0;\n\tvertical-align: middle;\n\tmax-width: 100%;\n\theight: auto;\n}\n\/* ============ Full Page Slider ================= *\/\n.creative-fullpage--slider{\n\tbackground-color: #ffffff;\n\tz-index: 2;\n\twidth: 100%;\n\tposition: relative;\n\tflex-direction: column;\n\t\n\tfont-size: 16px;\n\tdisplay: flex;\n\tclip-path: none !important;\n}\n.creative-fullpage--slider .slider-inner {\n\tbackground: #000;\n\theight: 70vh;\n\tposition: relative;\n}\n.creative-fullpage--slider .swiper-slide {\n\tposition: relative;\n\tdisplay: flex;\n\tjustify-content: center;\n\ttext-align: left;\n\tflex-direction: column;\n\toverflow: hidden;\n}\n.creative-fullpage--slider .swiper-slide .slider-inner img \n{\n\tobject-fit: cover;\n\twidth: 100%;\n\theight: 70vh;\n}\n.creative-fullpage--slider .swiper-slide .slider-inner video {\n\tobject-fit: cover;\n\twidth: 100%;\n\theight: 100%;\n}\n.creative-fullpage--slider .swiper-slide .slider-inner .swiper-content {\n\tposition: absolute;\n\ttop: 22%;\n\tleft: 50px;\n\tz-index: 1;\n}\n.creative-fullpage--slider .swiper-slide .slider-inner::after {\n\tcontent: \"\";\n\tposition: absolute;\n\twidth: 101%;\n\theight: 100%;\n\ttop: 0;\n\tleft: -1px;\n\tbackground-color: transparent;\n\tbackground-image: radial-gradient(at center right, #FFFFFF00 50%, #00000096 100%);\n}\n.swiper-slide .slider-inner .swiper-content .title-area .tag {\n\tcolor: #ffffff;\n\tfont-weight: 900;\n\tfont-size: 24px;\n\tmargin-bottom: 10px;\n\tmargin-top: 0px;\n}\n.swiper-slide .slider-inner .swiper-content .title-area .title {\n\tmargin-top: 50px;\n\tcolor: #fff;\n\tfont-size: 4vw;\n\tfont-family: \"Inter\", sans-serif;\n\tfont-weight: 900;\n\tline-height: 1.1;\n\ttext-transform: uppercase;\n\tmargin-bottom: 50px;\n\tmargin-left: -12px;\n\ttext-decoration: none;\n}\n.swiper-slide .slider-inner .swiper-content p.disc {\n\tfont-size: 20px;\n\twidth: 100%;\n\tmargin-top: 15px;\n\tmargin: 20px 0px 40px 0px;\n\tfont-weight: 400;\n\tline-height: 32px;\n\tcolor: #FFFFFFB0;\n}\n.creative-btn--wrap .creative-slide--btn {\n\tcolor: #ffffff;\n\tmargin-left: 18px;\n\tfont-size: 1.4em;\n\ttransition: margin-left 300ms cubic-bezier(0.49, 0, 0.01, 1);\n\tfont-weight: 400;\n\tdisplay: inline-flex;\n\tposition: relative;\n\twhite-space: nowrap;\n\ttext-decoration: none;\n\tjustify-content: center;\n\talign-items: center;\n\tcursor: pointer;\n\tuser-select: none;\n\toutline: none;\n\toutline-color: transparent;\n\tbox-shadow: none;\n\twill-change: transform;\n\tbackface-visibility: hidden;\n}\n\n.creative-btn--circle .circle {\n\tposition: absolute;\n\tright: calc(100% - 10px);\n\ttop: 0;\n\tbottom: 0;\n\tmargin: auto;\n\twidth: 45px;\n\theight: 45px;\n\tdisplay: flex;\n\talign-items: center;\n\tjustify-content: center;\n\tborder-radius: 50%;\n\tclip-path: circle(25% at 50% 50%);\n\ttransition: clip-path 500ms cubic-bezier(0.49, 0, 0.01, 1);\n}\n.creative-btn--circle .circle .circle-fill {\n\tposition: absolute;\n\ttop: 0;\n\tright: 0;\n\tbottom: 0;\n\tleft: 0;\n\tborder-radius: 100%;\n\tbackground-color: #ffffff;\n\twill-change: transform;\n\ttransform: scale(0);\n\tz-index: 1;\n\ttransition: transform 500ms cubic-bezier(0.49, 0, 0.01, 1), background-color 500ms cubic-bezier(0.49, 0, 0.01, 1);\n}\n.creative-btn--circle .circle-icon {\n\ttransform: translate(-100%, 0%);\n\tposition: absolute;\n\ttop: 0;\n\tright: 0;\n\tbottom: 0;\n\tleft: 0;\n\toverflow: hidden;\n\tdisplay: flex;\n\talign-items: center;\n\tjustify-content: center;\n\topacity: 0;\n\tz-index: 2;\n\ttransition: all 500ms cubic-bezier(0.49, 0, 0.01, 1);\n}\n.creative-btn--circle .circle-icon .icon-arrow{\n\twidth: 20px;\n\theight: 20px;\n\tstroke: none;\n\tfill: #000;\n}\n.creative-btn--circle .circle-outline {\n\tfill: transparent;\n\twidth: 10px;\n\tstroke: #ffffff;\n}\n.creative-btn--wrap .creative-slide--btn .creative-btn--label {\n\tmargin-left: 4pt;\n\ttransition: transform 500ms cubic-bezier(0.49, 0, 0.01, 1);\n}\n.creative-btn--wrap .creative-slide--btn .creative-btn__border {\n\tposition: absolute;\n\tleft: 4pt;\n\tright: 0;\n\tbottom: 0;\n\theight: 1px;\n\tbackground: currentColor;\n\ttransform-origin: right;\n\ttransition: transform 500ms cubic-bezier(0.49, 0, 0.01, 1);\n}\n.creative-btn--wrap .creative-slide--btn:hover .creative-btn--label {\n\ttransform: translateX(18px);\n}\n.creative-btn--wrap .creative-slide--btn:hover .creative-btn__border {\n\ttransform: scale(0, 1);\n}\n.creative-btn--wrap .creative-slide--btn:hover{\n\tmargin-left: 38px !important;\n}\n.creative-btn--wrap .creative-slide--btn:hover .circle {\n\tclip-path: circle(50% at 50% 50%);\n}\n.creative-btn--wrap .creative-slide--btn:hover .circle-fill {\n\ttransform: scale(1, 1);\n}\n.creative-btn--wrap .creative-slide--btn:hover .circle-icon {\n\ttransform: translate(0%, 0%);\n\topacity: 1;\n}\n.creative-fullpage--slider .swiper-container-h .swiper-button-next, \n.creative-fullpage--slider .swiper-container-h .swiper-button-prev {\n\tbottom: 5%;\n\ttop: unset;\n\ttransform: scale(1);\n\ttransition: all 0.4s;\n\tbackground-color: #FFFFFF00;\n\tbackdrop-filter: blur(20px);\n\theight: 85px;\n\twidth: 85px;\n\tline-height: 85px;\n\tborder-radius: 50%;\n\ttransition: all 0.4s;\n}\n.creative-fullpage--slider .swiper-container-h .swiper-button-next {\n\tright: 50px;\n}\n.creative-fullpage--slider .swiper-container-h .swiper-button-prev {\n\tleft: 50px;\n}\n.swiper-container-h .slider-pagination-area {\n\tdisplay: flex;\n\talign-items: center;\n\tjustify-content: center;\n\tposition: absolute;\n\ttop: unset;\n\tright: unset;\n\tbottom: 80px;\n\tleft: 50% !important;\n\ttransform: translateX(-50%);\n\twidth: 500px;\n\tz-index: 1;\n}\n.swiper-container-h .slider-pagination-area .slide-range {\n\tfont-size: 16px;\n\tfont-weight: 500;\n\tmargin: 0 15px;\n\tcolor: #ffffff;\n\tline-height: 0;\n\tposition: absolute;\n\tfont-size: 20px;\n}\n.swiper-container-h .slider-pagination-area .slide-range.one {\n\tleft: -50px;\n}\n.swiper-container-h .slider-pagination-area .slide-range.three {\n\tright: -50px;\n}\n.swiper-container-h .slider-pagination-area .swiper-pagination {\n\tbottom: 0 !important;\n\twidth: 500px !important;\n}\n.swiper-container-h .slider-pagination-area .swiper-pagination .swiper-pagination-progressbar-fill {\n\tbackground: #ffffff;\n}\n.swiper-container-h .swiper-button-next::after {\n\tcontent: \"\\f061\";\n\tfont-family: var(--fa-style-family, \"Font Awesome 6 Free\");\n\tfont-weight: var(--fa-style, 900);\n\tbackground: none;\n\tcolor: #ffffff;\n\tfont-size: 60px;\n}\n.swiper-container-h .swiper-button-prev::after {\n\tcontent:\"\\f060\";\n\tfont-family: var(--fa-style-family, \"Font Awesome 6 Free\");\n\tfont-weight: var(--fa-style, 900);\n\tbackground: none;\n\tcolor: #ffffff;\n\tfont-size: 60px;\n}\n.swiper-container-h .swiper-button-next:hover, \n.swiper-container-h .swiper-button-prev:hover {\n\tbackground: #FFFFFF0D;\n}\n\n\n\/* ====================== Responsive Ipad =============================== *\/\n@media (max-width: 991px) {\n\t.creative-fullpage--slider .swiper-slide .slider-inner .swiper-content{\n\t\twidth: 100%;\n\t\ttext-align: center;\n\t\tleft: 0;\n\t}\n\t.creative-fullpage--slider .swiper-container-h .swiper-button-next, \n\t.creative-fullpage--slider .swiper-container-h .swiper-button-prev {\n\t\theight: 50px;\n\t\twidth: 50px;\n\t\tline-height: 50px;\n\t}\n\t.swiper-container-h .slider-pagination-area{\n\t\twidth: 200px !important;\n\t}\n\t.swiper-container-h .swiper-button-next::after, \n\t.swiper-container-h .swiper-button-prev::after {\n\t\tfont-size: 30px;\n\t}\n\t.creative-fullpage--slider .swiper-container-h .swiper-button-next, \n\t.creative-fullpage--slider .swiper-container-h .swiper-button-prev{\n\t\tbackground: #ffffff3b;\n\t}\n\t.swiper-container-h .slider-pagination-area .swiper-pagination {\n\t\tbottom: 0 !important;\n\t\twidth: 200px !important;\n\t}\n}\n\n\/* ====================== Responsive Iphone =============================== *\/\n@media screen and (max-width: 767px) {\n\t.swiper-slide .slider-inner .swiper-content .title-area .title {\n\t\tfont-size: 64px;\n\t}\n\t.swiper-slide .slider-inner .swiper-content .title-area .tag{\n\t\tmargin-bottom: 0px;\n\t}\n\t.swiper-slide .slider-inner .swiper-content p.disc{\n\t\t    margin: 20px auto 20px auto;\n    font-size: 16px;\n    width:95%;\n\t}\n\t.swiper-container-h .slider-pagination-area{\n\t\tdisplay: none;\n\t}\n\t.swiper-slide .slider-inner .swiper-content p.disc br{\n\t\tdisplay: none;\n\t}\n}<\/style>\n<script>$(document).ready(function() {\n    var swiper = new Swiper(\".swiper-container-h\", {\n            direction: \"horizontal\",\n            effect: \"slide\",\n            autoplay: {\n            delay: 10000, \n            disableOnInteraction: false\n        },\n            parallax: true,\n            speed: 1600,\n            rtl: true,\n            loop: true,\n            loopFillGroupWithBlank: !0,\n  \n            mousewheel: false,\n            keyboard: {\n              enabled: true,\n              onlyInViewport: true\n            },\n            scrollbar: {\n              el: \".swiper-scrollbar\",\n              hide: false,\n              draggable: true\n            },\n            navigation: {\n              nextEl: \".swiper-button-next\",\n              prevEl: \".swiper-button-prev\",\n            },\n            pagination: {\n                el: \".swiper-pagination\",\n                type: \"progressbar\"\n              }\n          });\n        var swiper = new Swiper(\".swiper-container-h1\", {\n            direction: \"horizontal\",\n            effect: \"slide\",\n            autoplay: false,\n            parallax: true,\n            speed: 1600,\n            rtl: true,\n            loop: true,\n            loopFillGroupWithBlank: !0,\n            keyboard: {\n              enabled: true,\n              onlyInViewport: true\n            },\n            scrollbar: {\n              el: \".swiper-scrollbar\",\n              hide: false,\n              draggable: true\n            },\n            navigation: {\n              nextEl: \".swiper-button-next\",\n              prevEl: \".swiper-button-prev\",\n            },\n            pagination: {\n                el: \".swiper-pagination\",\n                type: \"bullets\",\n                clickable:\"true\"\n              }\n          });\n});<\/script>","color_scheme":"","padding_top":0,"padding_bottom":0}},"featured_collection":{"type":"featured-collection","settings":{"title":"","heading_size":"h2","description":"","show_description":false,"description_style":"body","collection":"all","products_to_show":8,"columns_desktop":4,"full_width":false,"show_view_all":true,"view_all_style":"solid","enable_desktop_slider":false,"color_scheme":"scheme-1","image_ratio":"adapt","image_shape":"default","show_secondary_image":true,"show_vendor":false,"show_rating":false,"quick_add":"none","columns_mobile":"2","swipe_on_mobile":false,"padding_top":44,"padding_bottom":36}},"custom_liquid_CkqPxf":{"type":"custom-liquid","settings":{"custom_liquid":"<div class=\"features-section\">\n  <div class=\"container\">\n    <h2 class=\"section-title\">Our Features & Benefits<\/h2>\n    <div class=\"features-grid\">\n      <div class=\"feature-item\">\n        <div class=\"feature-image\">\n          <img src=\"https:\/\/cdn.shopify.com\/s\/files\/1\/0912\/2368\/7488\/files\/greenline.jpg?v=1736845199\" alt=\"Eco-friendly Materials\">\n        <\/div>\n        <div class=\"feature-icon\">\n          <i class=\"fas fa-leaf\"><\/i> <!-- Eco-friendly icon -->\n        <\/div>\n        <h3>Eco-Friendly Materials<\/h3>\n        <p>We use sustainable materials to minimize our environmental impact.<\/p>\n      <\/div>\n      <div class=\"feature-item\">\n        <div class=\"feature-image\">\n          <img src=\"https:\/\/cdn.shopify.com\/s\/files\/1\/0912\/2368\/7488\/files\/greenline_1.jpg?v=1736845200\" alt=\"Long-lasting Battery\">\n        <\/div>\n        <div class=\"feature-icon\">\n          <i class=\"fas fa-battery-full\"><\/i> <!-- Long battery life -->\n        <\/div>\n        <h3>Long-lasting Battery<\/h3>\n        <p>Our products are designed for longevity, reducing the need for frequent replacements.<\/p>\n      <\/div>\n      <div class=\"feature-item\">\n        <div class=\"feature-image\">\n          <img src=\"https:\/\/cdn.shopify.com\/s\/files\/1\/0912\/2368\/7488\/files\/greenline_2.jpg?v=1736845200\" alt=\"Global Impact\">\n        <\/div>\n        <div class=\"feature-icon\">\n          <i class=\"fas fa-globe\"><\/i> <!-- Global reach -->\n        <\/div>\n        <h3>Global Impact<\/h3>\n        <p>Our products help to drive global sustainability efforts, impacting communities worldwide.<\/p>\n      <\/div>\n    <\/div>\n  <\/div>\n<\/div>\n\n<style>\n  \/* General Styles *\/\n  .features-section {\n    \n    padding: 40px 0;\n    text-align: center;\n    \n  }\n\n  .features-section .container {\n    max-width: 1200px;\n    margin: 0 auto;\n  }\n\n  .section-title {\n    font-size: 32px;\n    color:#64bc0d; \/* Green color *\/\n    margin-bottom: 40px;\n    font-weight: 700;\n    animation: fadeIn 1s ease-in-out;\n  }\n\n  \/* Grid Layout *\/\n  .features-grid {\n    display: grid;\n    grid-template-columns: repeat(3, 1fr);\n    gap: 30px;\n    margin-top: 20px;\n  }\n\n  .feature-item {\n    background-color: white;\n    border-radius: 8px;\n    padding: 20px;\n    box-shadow: 0 4px 10px rgba(0, 0, 0, 0.1);\n    transition: transform 0.3s ease;\n  }\n\n  .feature-item:hover {\n    transform: translateY(-10px);\n  }\n\n  .feature-icon {\n    font-size: 40px;\n    color: #64bc0d;\n    margin-bottom: 15px;\n    transition: color 0.3s ease;\n  }\n\n  .feature-item:hover .feature-icon {\n    color: #16a085; \/* Lighter green color on hover *\/\n  }\n\n  .feature-item h3 {\n    font-size: 22px;\n    color: #333;\n    margin-bottom: 10px;\n  }\n\n  .feature-item p {\n    font-size: 16px;\n    color: #777;\n  }\n\n  \/* Images Above H3 *\/\n  .feature-image img {\n    width: 100%;\n    max-height: auto;\n    object-fit: cover;\n    border-radius: 8px;\n    margin-bottom: 15px;\n  }\n\n  \/* Mobile Styles *\/\n  @media (max-width: 768px) {\n    .features-grid {\n      grid-template-columns: 1fr; \/* Stacks items vertically on small screens *\/\n      gap: 20px;\n    }\n\n    .section-title {\n      font-size: 28px;\n    }\n\n    \/* Add margin-left on mobile *\/\n    .feature-item {\n      margin-left: 20px;\n      margin-right: 20px;\n    }\n  }\n\n  \/* Animation *\/\n  @keyframes fadeIn {\n    0% {\n      opacity: 0;\n    }\n    100% {\n      opacity: 1;\n    }\n  }\n<\/style>","color_scheme":"","padding_top":0,"padding_bottom":0}},"custom_liquid_TEaiGe":{"type":"custom-liquid","custom_css":["h3 {text-align: center;}"],"settings":{"custom_liquid":"<h3 class=\"section-title\">Testimonials<\/h3>","color_scheme":"","padding_top":0,"padding_bottom":0}},"custom_liquid_dBY6fM":{"type":"custom-liquid","custom_css":["#testimonials {margin: 0 auto; justify-items: center; \/* This will center the items *\/}"],"settings":{"custom_liquid":"<section class=\"section pb-5 pt-5\" id=\"testimonials\">\n  <div class=\"container\">\n    <!-- ***** Section Title Start ***** -->\n    <div class=\"row\">\n      <div class=\"col-lg-12\">\n        <div class=\"center-heading\">\n          \n        <\/div>\n      <\/div>\n      <div class=\"offset-lg-3 col-lg-6\">\n        <div class=\"center-text\"><\/div>\n      <\/div>\n    <\/div>\n    <!-- ***** Section Title End ***** -->\n\n    <div class=\"row testimonials-wrapper\">\n      <!-- ***** Testimonials Item Start ***** -->\n      <div class=\"col-lg-4 col-md-6 col-sm-12\">\n        <div class=\"testimonials-item\">\n          <div class=\"user\">\n            <img src=\"https:\/\/i.ibb.co\/8x9xK4H\/team.jpg\" alt=\"John Doe\">\n          <\/div>\n          <div class=\"testimonials-content\">\n            <h3 class=\"user-name\">John Doe<\/h3>\n            <span>Web Designer<\/span>\n            <div class=\"txt\">\n              <p>Greenline Electronics offers the most sustainable gadgets I've ever used. The products are not only eco-friendly but also high-performing and stylish. Highly recommend!<\/p>\n            <\/div>\n          <\/div>\n        <\/div>\n      <\/div>\n      <!-- ***** Testimonials Item End ***** -->\n\n      <!-- ***** Testimonials Item Start ***** -->\n      <div class=\"col-lg-4 col-md-6 col-sm-12\">\n        <div class=\"testimonials-item\">\n          <div class=\"user\">\n            <img src=\"https:\/\/i.ibb.co\/8x9xK4H\/team.jpg\" alt=\"Jane Smith\">\n          <\/div>\n          <div class=\"testimonials-content\">\n            <h3 class=\"user-name\">Jane Smith<\/h3>\n            <span>Web Designer<\/span>\n            <div class=\"txt\">\n              <p>I love how Greenline Electronics focuses on sustainability without compromising on quality. The battery life on their devices is outstanding. A game-changer for eco-conscious consumers!<\/p>\n            <\/div>\n          <\/div>\n        <\/div>\n      <\/div>\n      <!-- ***** Testimonials Item End ***** -->\n\n      <!-- ***** Testimonials Item Start ***** -->\n      <div class=\"col-lg-4 col-md-6 col-sm-12\">\n        <div class=\"testimonials-item\">\n          <div class=\"user\">\n            <img src=\"https:\/\/i.ibb.co\/8x9xK4H\/team.jpg\" alt=\"Michael Johnson\">\n          <\/div>\n          <div class=\"testimonials-content\">\n            <h3 class=\"user-name\">Michael Johnson<\/h3>\n            <span>Web Designer<\/span>\n            <div class=\"txt\">\n              <p>As an eco-friendly enthusiast, I was thrilled to discover Greenline. Their products are both functional and good for the planet. I’m proud to support a company that values the environment.<\/p>\n            <\/div>\n          <\/div>\n        <\/div>\n      <\/div>\n      <!-- ***** Testimonials Item End ***** -->\n\n      <!-- ***** Testimonials Item Start ***** -->\n      <div class=\"col-lg-4 col-md-6 col-sm-12\">\n        <div class=\"testimonials-item\">\n          <div class=\"user\">\n            <img src=\"https:\/\/i.ibb.co\/8x9xK4H\/team.jpg\" alt=\"Emily Davis\">\n          <\/div>\n          <div class=\"testimonials-content\">\n            <h3 class=\"user-name\">Emily Davis<\/h3>\n            <span>Web Designer<\/span>\n            <div class=\"txt\">\n              <p>I’ve been using Greenline Electronics for a few months now, and I am so impressed with the quality and design. These products are a perfect blend of technology and sustainability.<\/p>\n            <\/div>\n          <\/div>\n        <\/div>\n      <\/div>\n      <!-- ***** Testimonials Item End ***** -->\n\n      <!-- ***** Testimonials Item Start ***** -->\n      <div class=\"col-lg-4 col-md-6 col-sm-12\">\n        <div class=\"testimonials-item\">\n          <div class=\"user\">\n            <img src=\"https:\/\/i.ibb.co\/8x9xK4H\/team.jpg\" alt=\"David Lee\">\n          <\/div>\n          <div class=\"testimonials-content\">\n            <h3 class=\"user-name\">David Lee<\/h3>\n            <span>Web Designer<\/span>\n            <div class=\"txt\">\n              <p>Greenline has revolutionized the way I view technology. Their products are sleek, durable, and environmentally responsible. I can’t imagine going back to regular gadgets after using theirs!<\/p>\n            <\/div>\n          <\/div>\n        <\/div>\n      <\/div>\n      <!-- ***** Testimonials Item End ***** -->\n    <\/div>\n  <\/div>\n<\/section>\n<!-- ***** Testimonials End ***** -->\n\n<style>\n\n.center-heading {\n  text-align: center;\n}\n\n.center-heading .section-title {\n  font-weight: 400;\n  font-size: 28px;\n  color: #3B566E;\n  letter-spacing: 1.75px;\n  line-height: 38px;\n  margin-bottom: 20px;\n}\n\n.center-heading.colored .section-title {\n  color: #ffffff;\n}\n\n.center-text {\n  text-align: center;\n  font-weight: 400;\n  font-size: 16px;\n  color: #6F8BA4;\n  line-height: 28px;\n  letter-spacing: 1px;\n  margin-bottom: 50px;\n}\n\n.center-text.colored {\n  color: #C7E5FF;\n}\n\n.center-text p {\n  margin-bottom: 30px;\n}\n\n.testimonials-wrapper {\n  display: grid;\n  grid-template-columns: repeat(auto-fill, minmax(280px, 1fr));\n  gap: 20px;\n}\n\n.testimonials-item {\n  display: block;\n  position: relative;\n  margin-bottom: 30px;\n  background: #fff;\n  border-radius: 5px;\n  box-shadow: 0 2px 48px 0 rgba(0, 0, 0, 0.06);\n  transition: transform 0.3s ease, box-shadow 0.3s ease;\n}\n\n.testimonials-item:hover {\n  transform: translateY(-10px);\n  box-shadow: 0 4px 80px 0 rgba(0, 0, 0, 0.1);\n}\n\n.testimonials-item:hover .testimonials-content {\n  background: #64BC0D; \/* Update the background on hover *\/\n}\n\n.testimonials-item:hover .user {\n  top: -20px;\n}\n\n.testimonials-item .user {\n  width: 88px;\n  height: 88px;\n  position: absolute;\n  top: -10px;\n  left: 25px;\n  z-index: 3;\n  transition: all 0.3s ease;\n  border-radius: 50%;\n  overflow: hidden;\n  background: #fff;\n  box-shadow: 0 2px 48px 0 rgba(0, 0, 0, 0.06);\n}\n\n.testimonials-item .user img {\n  max-width: 100%;\n}\n\n.testimonials-item .testimonials-content {\n  padding: 20px;\n  position: relative;\n  transition: background-color 0.3s ease;\n}\n\n.testimonials-item .testimonials-content .user-name {\n  font-weight: 400;\n  font-size: 16px;\n  color: #3B566E;\n  margin-top: 20px;\n  padding-left: 130px;\n  letter-spacing: 0.69px;\n  margin-bottom: 5px;\n}\n\n.testimonials-item .testimonials-content span {\n  font-weight: 400;\n  font-size: 14px;\n  color: #6F8BA4;\n  letter-spacing: 0.6px;\n  padding-left: 130px;\n  padding-right: 25px;\n}\n\n.testimonials-item .testimonials-content .txt p {\n  padding-left: 25px;\n  padding-right: 25px;\n  margin-top: 40px;\n  margin-bottom: 25px;\n  font-weight: 400;\n  font-size: 14px;\n  color: #6F8BA4;\n  letter-spacing: 0.6px;\n  line-height: 26px;\n}\n\n.testimonials-item:hover .testimonials-content .txt p {\n  color: #fff; \/* Change text color to white on hover *\/\n}\n<\/style>","color_scheme":"","padding_top":0,"padding_bottom":0}},"custom_liquid_PV3XVz":{"type":"custom-liquid","settings":{"custom_liquid":"<div class=\"accordion-wrapper\">\n  <h2 class=\"faq-heading\">FAQs<\/h2>\n  <div class=\"accordion-container\">\n    <details>\n      <summary>\n        <span class=\"accordion-title\">What is the process for purchasing GreenLine Electronics products?<\/span>\n        <span class=\"accordion-icon\">\n          <svg xmlns=\"http:\/\/www.w3.org\/2000\/svg\" width=\"24\" height=\"24\" viewBox=\"0 0 24 24\" fill=\"none\" stroke=\"currentColor\" stroke-width=\"1.5\" stroke-linecap=\"round\" stroke-linejoin=\"round\" class=\"icon icon-tabler icons-tabler-outline icon-tabler-chevron-down\">\n            <path stroke=\"none\" d=\"M0 0h24v24H0z\" fill=\"none\" \/>\n            <path d=\"M6 9l6 6l6-6\" \/>\n          <\/svg>\n        <\/span>\n      <\/summary>\n      <div class=\"accordion-content\">\n        To purchase products from GreenLine Electronics, follow these steps:\n        <ul>\n          <li><strong>Browse the product catalog:<\/strong> Explore our range of eco-friendly, energy-efficient electronic products.<\/li>\n          <li><strong>Choose your product:<\/strong> Select from categories such as solar-powered devices, energy-efficient appliances, and smart home technology.<\/li>\n          <li><strong>Register as a member:<\/strong> Create an account to enjoy exclusive offers, discounts, and access to new product releases.<\/li>\n          <li><strong>Complete the purchase:<\/strong> Add your chosen products to your cart, proceed to checkout, and make payment through our secure payment gateway.<\/li>\n        <\/ul>\n      <\/div>\n    <\/details>\n\n    <details>\n      <summary>\n        <span class=\"accordion-title\">What products does GreenLine Electronics manufacture?<\/span>\n        <span class=\"accordion-icon\">\n          <svg xmlns=\"http:\/\/www.w3.org\/2000\/svg\" width=\"24\" height=\"24\" viewBox=\"0 0 24 24\" fill=\"none\" stroke=\"currentColor\" stroke-width=\"1.5\" stroke-linecap=\"round\" stroke-linejoin=\"round\" class=\"icon icon-tabler icons-tabler-outline icon-tabler-chevron-down\">\n            <path stroke=\"none\" d=\"M0 0h24v24H0z\" fill=\"none\" \/>\n            <path d=\"M6 9l6 6l6-6\" \/>\n          <\/svg>\n        <\/span>\n      <\/summary>\n      <div class=\"accordion-content\">\n        GreenLine Electronics specializes in manufacturing energy-efficient and eco-friendly electronic products, including:\n        <ul>\n          <li><strong>Solar-Powered Devices:<\/strong> Harness the power of the sun with products like solar chargers, lights, and outdoor equipment.<\/li>\n          <li><strong>Energy-Efficient Appliances:<\/strong> A range of household devices that consume less energy without compromising performance.<\/li>\n          <li><strong>Smart Home Technology:<\/strong> Connect your home with innovative, eco-friendly gadgets like smart thermostats and lighting solutions.<\/li>\n        <\/ul>\n      <\/div>\n    <\/details>\n\n    <details>\n      <summary>\n        <span class=\"accordion-title\">What are the benefits of buying GreenLine Electronics products?<\/span>\n        <span class=\"accordion-icon\">\n          <svg xmlns=\"http:\/\/www.w3.org\/2000\/svg\" width=\"24\" height=\"24\" viewBox=\"0 0 24 24\" fill=\"none\" stroke=\"currentColor\" stroke-width=\"1.5\" stroke-linecap=\"round\" stroke-linejoin=\"round\" class=\"icon icon-tabler icons-tabler-outline icon-tabler-chevron-down\">\n            <path stroke=\"none\" d=\"M0 0h24v24H0z\" fill=\"none\" \/>\n            <path d=\"M6 9l6 6l6-6\" \/>\n          <\/svg>\n        <\/span>\n      <\/summary>\n      <div class=\"accordion-content\">\n        Purchasing GreenLine Electronics products provides the following benefits:\n        <ul>\n          <li><strong>Eco-Friendly:<\/strong> Contribute to a greener planet with products that minimize environmental impact.<\/li>\n          <li><strong>Energy Savings:<\/strong> Reduce electricity consumption with our energy-efficient appliances and solar-powered products.<\/li>\n          <li><strong>Innovative Technology:<\/strong> Stay ahead with cutting-edge smart home devices and energy solutions.<\/li>\n          <li><strong>Long-Term Durability:<\/strong> Enjoy high-quality products built to last, ensuring you get the most value for your money.<\/li>\n        <\/ul>\n      <\/div>\n    <\/details>\n\n    <!-- GreenLine Electronics Warranty FAQ -->\n    <details>\n      <summary>\n        <span class=\"accordion-title\">Does GreenLine Electronics offer warranty for its products?<\/span>\n        <span class=\"accordion-icon\">\n          <svg xmlns=\"http:\/\/www.w3.org\/2000\/svg\" width=\"24\" height=\"24\" viewBox=\"0 0 24 24\" fill=\"none\" stroke=\"currentColor\" stroke-width=\"1.5\" stroke-linecap=\"round\" stroke-linejoin=\"round\" class=\"icon icon-tabler icons-tabler-outline icon-tabler-chevron-down\">\n            <path stroke=\"none\" d=\"M0 0h24v24H0z\" fill=\"none\" \/>\n            <path d=\"M6 9l6 6l6-6\" \/>\n          <\/svg>\n        <\/span>\n      <\/summary>\n      <div class=\"accordion-content\">\n        Yes, all GreenLine Electronics products come with a standard warranty. The warranty covers any manufacturing defects and ensures that you receive reliable service. For details on warranty terms, please refer to the product page or contact our customer support.\n      <\/div>\n    <\/details>\n  <\/div>\n<\/div>\n\n\n<style>\n  .accordion-title{\n  color: #033923 !important;\n\n  }\n  .accordion-wrapper {\n    display: flex;\n    flex-direction: column;\n    justify-content: center;\n    align-items: center;\n    padding: 2rem;\n    \n  }\n\n  \/* FAQ Heading *\/\n  .faq-heading {\n    font-size: 3rem;\n   color: #033923 !important;\n    margin-bottom: 2rem;\n    text-align: center;\n    font-weight: bold;\n  }\n\n  \/* Accordion container *\/\n  .accordion-container {\n    max-width: 800px;\n    width: 100%;\n   \n    box-shadow: 0 4px 8px rgba(0, 0, 0, 0.1);\n    border-radius: 8px;\n  }\n\n  \/* Accordion details *\/\n  details {\n    margin-bottom: 10px;\n    border-radius: 8px;\n    overflow: hidden;\n    transition: all 0.3s ease;\n  }\nH3 {\n  text-align: center;\n  font-size: 3vw;\n}\n  \/* Accordion summary *\/\n  summary {\n    user-select: none;\n    cursor: pointer;\n    padding: 15px;\n    display: flex;\n    justify-content: space-between;\n    align-items: center;\n    font-size: 2rem;\n    font-weight: 600;\n    \n   \n   color: #033923 !important;\n    border-radius: 8px;\n    transition: background-color 0.3s ease;\n  }\n\n  summary:hover {\n    background-color: #e2e8f0;\n  }\n\n  \/* Accordion content *\/\n  .accordion-content {\n    padding: 15px;\n    background-color: #ecfdf5;\n    font-size: 1.5rem;\n    line-height: 1.6;\n    animation: fadeIn 0.4s ease-in-out;\n  }\n\n  \/* Rotate icon on open *\/\n  details[open] summary svg {\n    transform: rotate(180deg);\n  }\n\n  \/* Transition for icon rotation *\/\n  .accordion-icon svg {\n    transition: transform 0.3s ease-in-out;\n  }\n\n  \/* Animation for content *\/\n  @keyframes fadeIn {\n    0% {\n      opacity: 0;\n      transform: translateY(-10px);\n    }\n    100% {\n      opacity: 1;\n      transform: translateY(0);\n    }\n  }\n<\/style>\n<\/div>","color_scheme":"","padding_top":0,"padding_bottom":0}}},"order":["custom_liquid_jta3DH","featured_collection","custom_liquid_CkqPxf","custom_liquid_TEaiGe","custom_liquid_dBY6fM","custom_liquid_PV3XVz"]}